Dataset,Model,R²,RMSE,MAE,N_train,N_test
Single-Subject (S2),Ridge,0.8303,0.1566,0.1192,38,10
Single-Subject (S2),Random Forest,0.7254,0.1991,0.0901,38,10
Single-Subject (S2),XGBoost,0.9606,0.0754,0.0325,38,10
Multi-Subject (S2-S5),Random Forest,0.7724937836231024,0.2203402518261925,0.1423490476190476,156,40
Multi-Subject (S2-S5),XGBoost,0.8775175583355773,0.1616717447520988,0.0748733298713341,156,40
