Model,Type,R²,RMSE,MAE,MSE
Ensemble (Paper A),Literature,0.905946393794087,0.1243441060836079,0.08187200856107194,0.015461456717731532
XGBoost,Classical ML,0.9020935659788176,0.1268653713311006,0.0763204456779403,0.016094822442978
Random Forest,Classical ML,0.869586619029975,0.1464193773309085,0.1016449275362314,0.0214386340579709
Linear Regression (Ridge),Classical ML,0.6893124602306621,0.2259952944417728,0.1728712170288445,0.0510738731098235
LSTM (Paper B),Literature,0.6046954827978088,0.2549196814476788,0.1541811556271885,0.06498404398938604
