Model,R²,RMSE,MAE,MSE,Training Time (s)
XGBoost,0.9829758627053392,0.0495810994770086,0.0235215549170971,0.0024582854253490227,1.8290398120880127
Linear Regression (Ridge),0.8302628410047219,0.1565568451359383,0.11922989020752665,0.024510045758918166,1.0937209129333496
Random Forest,0.7586745152354573,0.18667458316546467,0.10999999999999925,0.03484739999999999,18.071843147277832
