Model,R²,RMSE,MAE,MSE,Training Time (s)
XGBoost,0.9020935659788176,0.12686537133110068,0.07632044567794039,0.016094822442978062,15.22510313987732
Random Forest,0.869586619029975,0.1464193773309085,0.10164492753623143,0.021438634057970966,23.114194869995117
Linear Regression (Ridge),0.6893124602306621,0.2259952944417728,0.17287121702884456,0.05107387310982358,1.0723931789398193
